Ground_Truth,Predictions,Error,Absolute_Error
1,1.1,0.1,0.1
2,1.9,-0.1,0.1
3,3.1,0.1,0.1
4,3.9,-0.1,0.1
5,5.1,0.0999999999999996,0.0999999999999996
