MacroPurityPct,MacroPrecisionPct,MacroF1Pct,MicroPurityPct
97.046783625731,9.47154471544716,14.5740888315839,95.3488372093023
